Datetime,City,Weather,Wind_speed,humidity,temperature
25/12/2018 00:05:15,Las Palmas de Gran Canaria,clear sky,6.7,32,19
25/12/2018 00:16:32,Las Palmas de Gran Canaria,clear sky,6.7,32,19
25/12/2018 00:31:34,Las Palmas de Gran Canaria,clear sky,6.2,29,19
25/12/2018 00:46:37,Las Palmas de Gran Canaria,clear sky,6.2,29,19
25/12/2018 01:05:01,Las Palmas de Gran Canaria,clear sky,6.2,25,19
25/12/2018 01:24:16,Las Palmas de Gran Canaria,clear sky,6.7,24,20
25/12/2018 01:39:18,Las Palmas de Gran Canaria,clear sky,6.7,24,20
25/12/2018 01:54:21,Las Palmas de Gran Canaria,clear sky,7.2,21,21
25/12/2018 02:09:24,Las Palmas de Gran Canaria,clear sky,7.2,21,21
25/12/2018 02:24:27,Las Palmas de Gran Canaria,clear sky,6.7,22,21
25/12/2018 02:39:29,Las Palmas de Gran Canaria,clear sky,6.7,22,21
25/12/2018 02:54:32,Las Palmas de Gran Canaria,clear sky,7.2,21,21
25/12/2018 03:09:35,Las Palmas de Gran Canaria,clear sky,7.2,21,21
25/12/2018 03:24:38,Las Palmas de Gran Canaria,clear sky,7.7,22,21
25/12/2018 03:39:41,Las Palmas de Gran Canaria,clear sky,7.7,22,21
25/12/2018 03:54:44,Las Palmas de Gran Canaria,clear sky,6.2,24,20
25/12/2018 04:09:47,Las Palmas de Gran Canaria,clear sky,6.2,24,20
25/12/2018 04:24:50,Las Palmas de Gran Canaria,clear sky,5.7,24,20
25/12/2018 04:39:54,Las Palmas de Gran Canaria,few clouds,5.7,24,20
25/12/2018 04:54:57,Las Palmas de Gran Canaria,few clouds,4.6,27,18
25/12/2018 05:09:59,Las Palmas de Gran Canaria,few clouds,4.6,27,18
25/12/2018 05:25:02,Las Palmas de Gran Canaria,few clouds,5.1,27,18
25/12/2018 05:40:05,Las Palmas de Gran Canaria,few clouds,5.1,27,18
25/12/2018 05:55:07,Las Palmas de Gran Canaria,few clouds,4.6,27,18
25/12/2018 06:10:10,Las Palmas de Gran Canaria,few clouds,4.6,27,18
25/12/2018 06:25:13,Las Palmas de Gran Canaria,few clouds,5.1,27,18
25/12/2018 06:40:15,Las Palmas de Gran Canaria,few clouds,5.1,27,18
25/12/2018 06:55:18,Las Palmas de Gran Canaria,few clouds,5.1,29,17
25/12/2018 07:10:21,Las Palmas de Gran Canaria,few clouds,5.1,29,17
25/12/2018 07:25:23,Las Palmas de Gran Canaria,few clouds,4.1,29,17
25/12/2018 07:40:26,Las Palmas de Gran Canaria,clear sky,4.1,29,17
25/12/2018 07:55:29,Las Palmas de Gran Canaria,clear sky,4.6,31,18
25/12/2018 08:10:32,Las Palmas de Gran Canaria,clear sky,4.6,31,18
25/12/2018 08:25:35,Las Palmas de Gran Canaria,clear sky,5.1,31,18
25/12/2018 08:40:38,Las Palmas de Gran Canaria,clear sky,5.1,31,18
25/12/2018 08:55:40,Las Palmas de Gran Canaria,clear sky,5.7,30,20
25/12/2018 09:10:43,Las Palmas de Gran Canaria,clear sky,5.7,30,20
25/12/2018 09:25:46,Las Palmas de Gran Canaria,clear sky,6.2,30,21
25/12/2018 09:40:48,Las Palmas de Gran Canaria,clear sky,6.2,30,21
25/12/2018 09:55:52,Las Palmas de Gran Canaria,clear sky,6.7,28,22
25/12/2018 10:10:55,Las Palmas de Gran Canaria,clear sky,6.7,28,22
25/12/2018 10:25:58,Las Palmas de Gran Canaria,clear sky,7.2,28,23
25/12/2018 10:41:01,Las Palmas de Gran Canaria,clear sky,7.2,28,23
25/12/2018 10:56:03,Las Palmas de Gran Canaria,clear sky,6.7,31,23
25/12/2018 11:11:06,Las Palmas de Gran Canaria,clear sky,6.7,31,23
25/12/2018 11:26:09,Las Palmas de Gran Canaria,clear sky,7.2,29,24
25/12/2018 11:41:12,Las Palmas de Gran Canaria,clear sky,7.2,29,24
25/12/2018 11:56:14,Las Palmas de Gran Canaria,clear sky,7.7,29,24
25/12/2018 12:11:17,Las Palmas de Gran Canaria,clear sky,7.7,29,24
25/12/2018 12:26:20,Las Palmas de Gran Canaria,clear sky,7.2,25,25
25/12/2018 12:41:23,Las Palmas de Gran Canaria,clear sky,7.2,25,25
25/12/2018 12:56:25,Las Palmas de Gran Canaria,clear sky,7.7,29,24
25/12/2018 13:11:28,Las Palmas de Gran Canaria,clear sky,7.7,29,24
25/12/2018 13:26:31,Las Palmas de Gran Canaria,clear sky,7.7,31,24
25/12/2018 13:41:34,Las Palmas de Gran Canaria,clear sky,7.7,31,24
25/12/2018 13:56:37,Las Palmas de Gran Canaria,clear sky,7.7,31,24
25/12/2018 14:11:40,Las Palmas de Gran Canaria,clear sky,7.7,31,24
25/12/2018 14:26:42,Las Palmas de Gran Canaria,clear sky,6.7,36,24
25/12/2018 14:41:45,Las Palmas de Gran Canaria,clear sky,6.7,36,24
25/12/2018 14:56:48,Las Palmas de Gran Canaria,clear sky,6.2,38,24
25/12/2018 15:11:51,Las Palmas de Gran Canaria,clear sky,6.2,38,24
25/12/2018 15:26:54,Las Palmas de Gran Canaria,clear sky,6.7,43,23
25/12/2018 15:41:57,Las Palmas de Gran Canaria,clear sky,6.7,43,23
25/12/2018 15:57:00,Las Palmas de Gran Canaria,clear sky,6.7,53,22
25/12/2018 16:12:07,Las Palmas de Gran Canaria,clear sky,6.7,53,22
25/12/2018 16:27:09,Las Palmas de Gran Canaria,clear sky,6.7,56,21
25/12/2018 16:42:12,Las Palmas de Gran Canaria,clear sky,6.7,56,21
25/12/2018 16:57:15,Las Palmas de Gran Canaria,clear sky,6.2,64,21
25/12/2018 17:12:18,Las Palmas de Gran Canaria,clear sky,6.2,64,21
25/12/2018 17:27:20,Las Palmas de Gran Canaria,clear sky,6.2,60,21
25/12/2018 17:42:23,Las Palmas de Gran Canaria,clear sky,6.2,60,21
25/12/2018 17:57:26,Las Palmas de Gran Canaria,clear sky,5.1,60,21
25/12/2018 18:12:29,Las Palmas de Gran Canaria,clear sky,5.1,60,21
25/12/2018 18:27:32,Las Palmas de Gran Canaria,clear sky,3.6,64,20
25/12/2018 18:42:34,Las Palmas de Gran Canaria,clear sky,3.6,64,20
25/12/2018 18:57:37,Las Palmas de Gran Canaria,clear sky,2.6,64,20
25/12/2018 19:12:40,Las Palmas de Gran Canaria,clear sky,2.6,64,20
25/12/2018 19:27:43,Las Palmas de Gran Canaria,clear sky,2.1,63,19
25/12/2018 19:42:45,Las Palmas de Gran Canaria,clear sky,2.1,63,19
25/12/2018 19:57:48,Las Palmas de Gran Canaria,clear sky,2.1,63,19
25/12/2018 20:12:56,Las Palmas de Gran Canaria,clear sky,2.1,68,18
25/12/2018 20:27:59,Las Palmas de Gran Canaria,clear sky,1.5,67,17
25/12/2018 20:43:02,Las Palmas de Gran Canaria,clear sky,1.5,67,17
25/12/2018 20:58:05,Las Palmas de Gran Canaria,clear sky,1,67,17
25/12/2018 21:13:08,Las Palmas de Gran Canaria,clear sky,1,67,17
25/12/2018 21:28:11,Las Palmas de Gran Canaria,clear sky,1,67,17
25/12/2018 21:43:13,Las Palmas de Gran Canaria,clear sky,1,67,17
25/12/2018 21:58:16,Las Palmas de Gran Canaria,clear sky,2.79,67,17
25/12/2018 22:13:19,Las Palmas de Gran Canaria,clear sky,2.79,67,17
25/12/2018 22:28:22,Las Palmas de Gran Canaria,clear sky,1,63,17
25/12/2018 22:43:25,Las Palmas de Gran Canaria,clear sky,1,63,17
25/12/2018 22:58:28,Las Palmas de Gran Canaria,clear sky,2.6,67,17
25/12/2018 23:13:33,Las Palmas de Gran Canaria,clear sky,2.6,67,17
25/12/2018 23:28:37,Las Palmas de Gran Canaria,clear sky,2.1,72,17
25/12/2018 23:43:41,Las Palmas de Gran Canaria,clear sky,2.1,72,17
25/12/2018 23:58:46,Las Palmas de Gran Canaria,clear sky,1.5,77,16
26/12/2018 00:13:49,Las Palmas de Gran Canaria,clear sky,1.5,77,16
26/12/2018 00:28:52,Las Palmas de Gran Canaria,clear sky,2.1,67,16
26/12/2018 00:43:56,Las Palmas de Gran Canaria,clear sky,2.1,67,16
26/12/2018 00:58:59,Las Palmas de Gran Canaria,clear sky,2.1,59,16
26/12/2018 01:14:02,Las Palmas de Gran Canaria,clear sky,2.1,59,16
26/12/2018 01:29:05,Las Palmas de Gran Canaria,clear sky,2.1,59,16
26/12/2018 01:44:08,Las Palmas de Gran Canaria,clear sky,2.1,59,16
26/12/2018 01:59:11,Las Palmas de Gran Canaria,clear sky,2.1,42,17
26/12/2018 02:14:13,Las Palmas de Gran Canaria,clear sky,2.1,42,17
26/12/2018 02:29:16,Las Palmas de Gran Canaria,clear sky,3.1,51,17
26/12/2018 02:44:19,Las Palmas de Gran Canaria,clear sky,3.1,51,17
26/12/2018 02:59:22,Las Palmas de Gran Canaria,clear sky,3.6,45,18
26/12/2018 03:14:25,Las Palmas de Gran Canaria,clear sky,3.6,45,18
26/12/2018 03:29:28,Las Palmas de Gran Canaria,clear sky,3.6,45,17
26/12/2018 03:44:30,Las Palmas de Gran Canaria,clear sky,3.6,45,17
26/12/2018 03:59:34,Las Palmas de Gran Canaria,clear sky,3.6,51,17
26/12/2018 04:14:37,Las Palmas de Gran Canaria,clear sky,3.6,51,17
26/12/2018 04:29:40,Las Palmas de Gran Canaria,clear sky,3.1,29,17
26/12/2018 04:44:43,Las Palmas de Gran Canaria,clear sky,3.1,29,17
26/12/2018 04:59:45,Las Palmas de Gran Canaria,clear sky,3.6,33,17
26/12/2018 05:14:48,Las Palmas de Gran Canaria,clear sky,3.6,33,17
26/12/2018 05:29:51,Las Palmas de Gran Canaria,clear sky,3.6,36,18
26/12/2018 05:44:56,Las Palmas de Gran Canaria,clear sky,3.6,36,18
26/12/2018 05:59:58,Las Palmas de Gran Canaria,clear sky,4.1,34,18
26/12/2018 06:15:01,Las Palmas de Gran Canaria,clear sky,4.1,34,18
26/12/2018 06:30:05,Las Palmas de Gran Canaria,clear sky,3.1,31,18
26/12/2018 06:45:08,Las Palmas de Gran Canaria,clear sky,3.1,31,18
26/12/2018 07:00:11,Las Palmas de Gran Canaria,clear sky,3.1,100,17
26/12/2018 07:15:14,Las Palmas de Gran Canaria,clear sky,3.1,100,17
26/12/2018 07:30:17,Las Palmas de Gran Canaria,clear sky,2.6,100,18
26/12/2018 07:45:20,Las Palmas de Gran Canaria,clear sky,2.6,100,18
26/12/2018 08:00:23,Las Palmas de Gran Canaria,clear sky,2.6,100,18
26/12/2018 08:15:26,Las Palmas de Gran Canaria,clear sky,3.96,52,18
26/12/2018 08:30:29,Las Palmas de Gran Canaria,clear sky,0.5,55,16
26/12/2018 08:45:31,Las Palmas de Gran Canaria,clear sky,0.5,55,16
26/12/2018 09:00:35,Las Palmas de Gran Canaria,clear sky,1,55,17
26/12/2018 09:15:38,Las Palmas de Gran Canaria,clear sky,1,55,17
26/12/2018 09:30:41,Las Palmas de Gran Canaria,clear sky,0.5,59,19
26/12/2018 09:45:44,Las Palmas de Gran Canaria,clear sky,0.5,59,19
26/12/2018 10:00:46,Las Palmas de Gran Canaria,clear sky,1,60,21
26/12/2018 10:15:49,Las Palmas de Gran Canaria,clear sky,1,60,21
26/12/2018 10:30:53,Las Palmas de Gran Canaria,clear sky,1,60,21
26/12/2018 10:45:57,Las Palmas de Gran Canaria,clear sky,1,60,21
26/12/2018 11:01:00,Las Palmas de Gran Canaria,clear sky,1.5,64,21
26/12/2018 11:16:03,Las Palmas de Gran Canaria,clear sky,1.5,64,21
26/12/2018 11:31:06,Las Palmas de Gran Canaria,clear sky,1.5,60,22
26/12/2018 11:46:09,Las Palmas de Gran Canaria,clear sky,1.5,60,22
26/12/2018 12:01:16,Las Palmas de Gran Canaria,clear sky,2.6,60,22
26/12/2018 12:16:19,Las Palmas de Gran Canaria,clear sky,2.6,60,22
26/12/2018 12:31:21,Las Palmas de Gran Canaria,clear sky,3.1,64,22
26/12/2018 12:46:24,Las Palmas de Gran Canaria,clear sky,3.1,64,22
26/12/2018 13:01:28,Las Palmas de Gran Canaria,clear sky,2.6,64,22
26/12/2018 13:16:30,Las Palmas de Gran Canaria,clear sky,2.6,64,22
26/12/2018 13:31:33,Las Palmas de Gran Canaria,clear sky,2.6,64,22
26/12/2018 13:46:36,Las Palmas de Gran Canaria,clear sky,2.6,64,22
26/12/2018 14:01:40,Las Palmas de Gran Canaria,clear sky,3.1,64,22
26/12/2018 14:16:43,Las Palmas de Gran Canaria,clear sky,3.1,64,22
26/12/2018 14:31:46,Las Palmas de Gran Canaria,clear sky,2.6,64,22
26/12/2018 14:46:49,Las Palmas de Gran Canaria,clear sky,2.6,64,22
26/12/2018 15:01:52,Las Palmas de Gran Canaria,clear sky,2.6,64,22
26/12/2018 15:16:56,Las Palmas de Gran Canaria,clear sky,2.6,64,22
26/12/2018 15:31:59,Las Palmas de Gran Canaria,clear sky,2.6,64,22
26/12/2018 15:47:02,Las Palmas de Gran Canaria,clear sky,2.6,64,22
26/12/2018 16:02:07,Las Palmas de Gran Canaria,clear sky,2.1,60,22
26/12/2018 16:17:10,Las Palmas de Gran Canaria,clear sky,2.1,60,22
26/12/2018 16:32:13,Las Palmas de Gran Canaria,clear sky,2.1,60,22
26/12/2018 16:47:16,Las Palmas de Gran Canaria,clear sky,2.1,60,22
26/12/2018 17:02:19,Las Palmas de Gran Canaria,clear sky,2.1,64,21
26/12/2018 17:17:22,Las Palmas de Gran Canaria,clear sky,2.1,64,21
26/12/2018 17:32:25,Las Palmas de Gran Canaria,clear sky,2.1,64,21
26/12/2018 17:47:28,Las Palmas de Gran Canaria,clear sky,2.1,64,21
26/12/2018 18:02:32,Las Palmas de Gran Canaria,clear sky,2.1,60,21
26/12/2018 18:17:35,Las Palmas de Gran Canaria,clear sky,2.1,60,21
26/12/2018 18:32:38,Las Palmas de Gran Canaria,clear sky,2.6,68,20
26/12/2018 18:47:41,Las Palmas de Gran Canaria,clear sky,2.6,68,20
26/12/2018 18:49:55,Las Palmas de Gran Canaria,clear sky,2.1,72,19
26/12/2018 19:04:58,Las Palmas de Gran Canaria,clear sky,2.1,72,19
26/12/2018 19:20:00,Las Palmas de Gran Canaria,clear sky,2.1,72,19
26/12/2018 19:35:03,Las Palmas de Gran Canaria,clear sky,2.6,68,19
26/12/2018 19:50:06,Las Palmas de Gran Canaria,clear sky,3.1,72,18
26/12/2018 20:05:09,Las Palmas de Gran Canaria,clear sky,3.1,72,18
26/12/2018 20:20:12,Las Palmas de Gran Canaria,clear sky,2.6,63,18
26/12/2018 20:35:14,Las Palmas de Gran Canaria,clear sky,2.6,63,18
26/12/2018 20:50:17,Las Palmas de Gran Canaria,clear sky,2.6,42,18
26/12/2018 21:05:19,Las Palmas de Gran Canaria,clear sky,2.6,42,18
26/12/2018 21:20:22,Las Palmas de Gran Canaria,clear sky,2.1,27,18
26/12/2018 21:35:30,Las Palmas de Gran Canaria,clear sky,2.1,27,18
26/12/2018 21:50:33,Las Palmas de Gran Canaria,clear sky,2.1,23,18
26/12/2018 22:05:36,Las Palmas de Gran Canaria,clear sky,2.1,23,18
26/12/2018 22:20:39,Las Palmas de Gran Canaria,clear sky,2.1,23,18
26/12/2018 22:35:41,Las Palmas de Gran Canaria,clear sky,4.1,22,20
26/12/2018 22:50:44,Las Palmas de Gran Canaria,clear sky,4.1,22,20
26/12/2018 23:05:47,Las Palmas de Gran Canaria,clear sky,3.6,24,19
26/12/2018 23:20:50,Las Palmas de Gran Canaria,clear sky,3.6,24,19
26/12/2018 23:35:54,Las Palmas de Gran Canaria,clear sky,3.6,24,19
26/12/2018 23:50:58,Las Palmas de Gran Canaria,clear sky,3.6,25,18
27/12/2018 00:06:01,Las Palmas de Gran Canaria,clear sky,3.6,25,18
27/12/2018 00:21:04,Las Palmas de Gran Canaria,clear sky,3.6,24,19
27/12/2018 00:36:07,Las Palmas de Gran Canaria,clear sky,3.6,24,19
27/12/2018 00:51:10,Las Palmas de Gran Canaria,clear sky,3.1,29,16
27/12/2018 01:06:13,Las Palmas de Gran Canaria,clear sky,3.1,29,16
27/12/2018 01:21:16,Las Palmas de Gran Canaria,clear sky,3.1,29,16
27/12/2018 01:36:19,Las Palmas de Gran Canaria,clear sky,3.1,26,16
27/12/2018 01:51:22,Las Palmas de Gran Canaria,clear sky,3.1,25,16
27/12/2018 02:06:25,Las Palmas de Gran Canaria,clear sky,3.1,25,16
27/12/2018 02:21:28,Las Palmas de Gran Canaria,clear sky,2.6,26,15
27/12/2018 02:36:31,Las Palmas de Gran Canaria,clear sky,2.6,26,15
27/12/2018 02:51:34,Las Palmas de Gran Canaria,clear sky,3.6,23,16
27/12/2018 03:06:37,Las Palmas de Gran Canaria,clear sky,3.6,23,16
27/12/2018 03:21:40,Las Palmas de Gran Canaria,clear sky,4.1,21,16
27/12/2018 03:36:43,Las Palmas de Gran Canaria,clear sky,4.1,21,16
27/12/2018 03:51:47,Las Palmas de Gran Canaria,clear sky,4.1,19,16
27/12/2018 04:06:49,Las Palmas de Gran Canaria,clear sky,4.1,19,16
27/12/2018 04:21:54,Las Palmas de Gran Canaria,clear sky,4.1,19,16
27/12/2018 04:36:58,Las Palmas de Gran Canaria,clear sky,3.6,17,17
27/12/2018 04:52:01,Las Palmas de Gran Canaria,clear sky,4.1,25,18
27/12/2018 05:07:04,Las Palmas de Gran Canaria,clear sky,4.1,25,18
27/12/2018 05:22:07,Las Palmas de Gran Canaria,clear sky,4.6,34,18
27/12/2018 05:37:10,Las Palmas de Gran Canaria,clear sky,4.6,34,18
27/12/2018 05:52:13,Las Palmas de Gran Canaria,clear sky,4.6,100,18
27/12/2018 06:07:16,Las Palmas de Gran Canaria,clear sky,4.6,100,18
27/12/2018 06:22:19,Las Palmas de Gran Canaria,clear sky,5.1,37,19
27/12/2018 06:37:22,Las Palmas de Gran Canaria,clear sky,5.1,37,19
27/12/2018 06:52:24,Las Palmas de Gran Canaria,clear sky,4.6,39,19
27/12/2018 07:07:27,Las Palmas de Gran Canaria,clear sky,4.6,39,19
27/12/2018 07:22:30,Las Palmas de Gran Canaria,clear sky,4.1,42,18
27/12/2018 07:37:34,Las Palmas de Gran Canaria,clear sky,4.1,42,18
27/12/2018 07:52:37,Las Palmas de Gran Canaria,clear sky,4.1,42,18
27/12/2018 08:07:39,Las Palmas de Gran Canaria,clear sky,4.1,42,18
27/12/2018 08:22:42,Las Palmas de Gran Canaria,clear sky,3.6,36,18
27/12/2018 08:37:45,Las Palmas de Gran Canaria,clear sky,3.6,36,18
27/12/2018 08:52:48,Las Palmas de Gran Canaria,clear sky,3.6,36,18
27/12/2018 09:07:51,Las Palmas de Gran Canaria,clear sky,3.6,99,19
27/12/2018 09:22:54,Las Palmas de Gran Canaria,clear sky,3.1,99,20
27/12/2018 09:37:58,Las Palmas de Gran Canaria,clear sky,3.1,99,20
27/12/2018 09:53:00,Las Palmas de Gran Canaria,clear sky,5.7,43,21
27/12/2018 10:08:03,Las Palmas de Gran Canaria,clear sky,5.7,43,21
27/12/2018 10:23:06,Las Palmas de Gran Canaria,clear sky,6.2,60,21
27/12/2018 10:38:09,Las Palmas de Gran Canaria,clear sky,6.2,60,21
27/12/2018 10:53:12,Las Palmas de Gran Canaria,clear sky,6.2,60,21
27/12/2018 11:08:15,Las Palmas de Gran Canaria,clear sky,6.2,60,21
27/12/2018 11:23:18,Las Palmas de Gran Canaria,clear sky,7.2,64,21
27/12/2018 11:38:21,Las Palmas de Gran Canaria,clear sky,7.2,64,21
27/12/2018 11:53:24,Las Palmas de Gran Canaria,clear sky,7.2,64,21
27/12/2018 12:08:26,Las Palmas de Gran Canaria,clear sky,7.2,60,22
27/12/2018 12:23:29,Las Palmas de Gran Canaria,clear sky,8.2,64,22
27/12/2018 12:38:32,Las Palmas de Gran Canaria,clear sky,8.2,64,22
27/12/2018 12:53:35,Las Palmas de Gran Canaria,clear sky,8.2,64,22
27/12/2018 13:08:38,Las Palmas de Gran Canaria,clear sky,8.7,60,22
27/12/2018 13:23:41,Las Palmas de Gran Canaria,clear sky,8.7,68,21
27/12/2018 13:38:43,Las Palmas de Gran Canaria,clear sky,8.7,68,21
27/12/2018 13:53:47,Las Palmas de Gran Canaria,few clouds,9.3,68,21
27/12/2018 14:08:50,Las Palmas de Gran Canaria,few clouds,9.3,68,21
27/12/2018 14:23:53,Las Palmas de Gran Canaria,few clouds,9.3,64,22
27/12/2018 14:38:57,Las Palmas de Gran Canaria,few clouds,9.3,64,22
27/12/2018 14:54:00,Las Palmas de Gran Canaria,few clouds,9.3,64,22
27/12/2018 15:09:02,Las Palmas de Gran Canaria,few clouds,9.8,64,22
27/12/2018 15:24:05,Las Palmas de Gran Canaria,few clouds,9.3,60,22
27/12/2018 15:39:07,Las Palmas de Gran Canaria,few clouds,9.3,60,22
27/12/2018 15:54:10,Las Palmas de Gran Canaria,few clouds,9.8,64,21
27/12/2018 16:09:13,Las Palmas de Gran Canaria,few clouds,9.8,64,21
27/12/2018 16:24:16,Las Palmas de Gran Canaria,few clouds,9.8,64,21
27/12/2018 16:39:20,Las Palmas de Gran Canaria,few clouds,9.8,64,21
27/12/2018 16:54:23,Las Palmas de Gran Canaria,few clouds,9.3,64,21
27/12/2018 17:09:26,Las Palmas de Gran Canaria,few clouds,9.3,64,21
27/12/2018 17:24:29,Las Palmas de Gran Canaria,few clouds,9.8,64,21
27/12/2018 17:39:32,Las Palmas de Gran Canaria,few clouds,9.8,64,21
27/12/2018 17:54:34,Las Palmas de Gran Canaria,few clouds,9.3,68,20
27/12/2018 18:09:37,Las Palmas de Gran Canaria,few clouds,9.3,68,20
27/12/2018 18:24:40,Las Palmas de Gran Canaria,few clouds,8.2,68,20
27/12/2018 18:39:43,Las Palmas de Gran Canaria,few clouds,8.2,68,20
27/12/2018 18:54:46,Las Palmas de Gran Canaria,few clouds,7.7,68,19
27/12/2018 19:09:49,Las Palmas de Gran Canaria,few clouds,7.7,68,19
27/12/2018 19:24:51,Las Palmas de Gran Canaria,few clouds,7.7,68,19
27/12/2018 19:39:55,Las Palmas de Gran Canaria,few clouds,7.7,68,19
27/12/2018 19:54:59,Las Palmas de Gran Canaria,few clouds,5.7,68,19
27/12/2018 20:10:01,Las Palmas de Gran Canaria,few clouds,5.7,68,19
27/12/2018 20:25:04,Las Palmas de Gran Canaria,few clouds,5.1,72,18
27/12/2018 20:40:07,Las Palmas de Gran Canaria,few clouds,5.1,72,18
27/12/2018 20:55:10,Las Palmas de Gran Canaria,few clouds,5.7,72,18
27/12/2018 21:10:13,Las Palmas de Gran Canaria,few clouds,5.7,72,18
27/12/2018 21:25:16,Las Palmas de Gran Canaria,few clouds,6.2,72,18
27/12/2018 21:40:19,Las Palmas de Gran Canaria,few clouds,6.2,72,18
27/12/2018 21:55:28,Las Palmas de Gran Canaria,few clouds,5.7,72,18
27/12/2018 22:10:31,Las Palmas de Gran Canaria,few clouds,5.7,72,18
27/12/2018 22:25:34,Las Palmas de Gran Canaria,few clouds,5.7,72,18
27/12/2018 22:40:38,Las Palmas de Gran Canaria,few clouds,5.7,72,18
27/12/2018 22:55:41,Las Palmas de Gran Canaria,few clouds,6.7,77,17
27/12/2018 23:10:44,Las Palmas de Gran Canaria,few clouds,6.7,77,17
27/12/2018 23:25:49,Las Palmas de Gran Canaria,few clouds,6.7,77,17
27/12/2018 23:40:51,Las Palmas de Gran Canaria,few clouds,6.7,77,17
27/12/2018 23:55:55,Las Palmas de Gran Canaria,few clouds,6.7,72,17
28/12/2018 00:10:59,Las Palmas de Gran Canaria,few clouds,6.7,72,17
28/12/2018 00:26:03,Las Palmas de Gran Canaria,few clouds,6.7,68,18
28/12/2018 00:41:09,Las Palmas de Gran Canaria,few clouds,6.7,68,18
28/12/2018 00:56:12,Las Palmas de Gran Canaria,few clouds,6.7,72,17
28/12/2018 01:11:15,Las Palmas de Gran Canaria,few clouds,6.7,72,17
28/12/2018 01:26:18,Las Palmas de Gran Canaria,few clouds,7.2,72,17
28/12/2018 01:41:21,Las Palmas de Gran Canaria,few clouds,7.2,72,17
28/12/2018 01:56:24,Las Palmas de Gran Canaria,few clouds,7.7,68,18
28/12/2018 02:11:27,Las Palmas de Gran Canaria,few clouds,7.7,68,18
28/12/2018 02:26:30,Las Palmas de Gran Canaria,few clouds,6.7,67,17
28/12/2018 02:41:33,Las Palmas de Gran Canaria,few clouds,6.7,67,17
28/12/2018 02:56:36,Las Palmas de Gran Canaria,few clouds,7.2,72,17
28/12/2018 03:11:38,Las Palmas de Gran Canaria,few clouds,7.2,72,17
28/12/2018 03:26:42,Las Palmas de Gran Canaria,few clouds,7.2,77,17
28/12/2018 03:41:45,Las Palmas de Gran Canaria,few clouds,7.2,77,17
28/12/2018 03:56:47,Las Palmas de Gran Canaria,few clouds,7.2,72,17
28/12/2018 04:11:50,Las Palmas de Gran Canaria,few clouds,7.2,72,17
28/12/2018 04:26:53,Las Palmas de Gran Canaria,few clouds,6.2,67,17
28/12/2018 04:41:58,Las Palmas de Gran Canaria,few clouds,6.2,67,17
28/12/2018 04:57:00,Las Palmas de Gran Canaria,few clouds,6.7,72,17
28/12/2018 05:12:03,Las Palmas de Gran Canaria,few clouds,6.7,72,17
28/12/2018 05:27:06,Las Palmas de Gran Canaria,few clouds,6.7,72,17
28/12/2018 05:42:09,Las Palmas de Gran Canaria,few clouds,6.7,72,17
28/12/2018 05:57:12,Las Palmas de Gran Canaria,few clouds,7.2,67,17
28/12/2018 06:12:15,Las Palmas de Gran Canaria,few clouds,7.2,67,17
28/12/2018 06:27:18,Las Palmas de Gran Canaria,few clouds,6.2,67,17
28/12/2018 06:42:21,Las Palmas de Gran Canaria,few clouds,6.2,67,17
28/12/2018 06:57:24,Las Palmas de Gran Canaria,few clouds,7.2,72,17
28/12/2018 07:12:27,Las Palmas de Gran Canaria,few clouds,7.2,72,17
28/12/2018 07:27:30,Las Palmas de Gran Canaria,few clouds,7.2,72,17
28/12/2018 07:42:33,Las Palmas de Gran Canaria,few clouds,7.2,72,17
28/12/2018 07:57:36,Las Palmas de Gran Canaria,few clouds,7.2,72,17
28/12/2018 08:12:39,Las Palmas de Gran Canaria,few clouds,6.7,72,17
28/12/2018 08:27:42,Las Palmas de Gran Canaria,few clouds,6.7,72,17
28/12/2018 08:42:45,Las Palmas de Gran Canaria,few clouds,6.7,72,17
28/12/2018 08:57:47,Las Palmas de Gran Canaria,few clouds,6.2,72,18
28/12/2018 09:12:50,Las Palmas de Gran Canaria,few clouds,6.2,72,18
28/12/2018 09:27:54,Las Palmas de Gran Canaria,few clouds,6.2,77,18
28/12/2018 09:43:02,Las Palmas de Gran Canaria,few clouds,6.2,77,18
28/12/2018 09:58:04,Las Palmas de Gran Canaria,few clouds,6.2,77,18
28/12/2018 10:13:07,Las Palmas de Gran Canaria,few clouds,6.7,72,19
28/12/2018 10:28:10,Las Palmas de Gran Canaria,few clouds,7.2,72,20
28/12/2018 10:39:07,Las Palmas de Gran Canaria,few clouds,7.2,72,20
28/12/2018 10:54:10,Las Palmas de Gran Canaria,few clouds,7.2,72,20
28/12/2018 11:09:13,Las Palmas de Gran Canaria,few clouds,7.7,68,20
28/12/2018 11:24:15,Las Palmas de Gran Canaria,few clouds,8.2,68,21
28/12/2018 11:39:18,Las Palmas de Gran Canaria,few clouds,8.2,68,21
28/12/2018 11:54:20,Las Palmas de Gran Canaria,few clouds,8.2,68,21
28/12/2018 12:09:23,Las Palmas de Gran Canaria,few clouds,8.2,68,21
28/12/2018 12:24:26,Las Palmas de Gran Canaria,few clouds,8.2,68,21
28/12/2018 12:39:33,Las Palmas de Gran Canaria,few clouds,8.2,68,21
28/12/2018 12:54:35,Las Palmas de Gran Canaria,few clouds,8.7,68,21
28/12/2018 13:09:38,Las Palmas de Gran Canaria,few clouds,8.7,68,21
28/12/2018 13:24:41,Las Palmas de Gran Canaria,few clouds,8.2,68,21
28/12/2018 13:39:44,Las Palmas de Gran Canaria,few clouds,8.2,68,21
28/12/2018 13:54:46,Las Palmas de Gran Canaria,few clouds,8.7,68,21
28/12/2018 14:09:49,Las Palmas de Gran Canaria,few clouds,8.7,68,21
28/12/2018 14:24:52,Las Palmas de Gran Canaria,few clouds,8.2,68,21
28/12/2018 14:39:55,Las Palmas de Gran Canaria,few clouds,8.2,68,21
28/12/2018 14:55:04,Las Palmas de Gran Canaria,few clouds,8.7,68,21
28/12/2018 15:10:07,Las Palmas de Gran Canaria,few clouds,8.7,68,21
28/12/2018 15:25:09,Las Palmas de Gran Canaria,few clouds,8.2,68,21
28/12/2018 15:40:12,Las Palmas de Gran Canaria,few clouds,8.2,68,21
28/12/2018 15:55:14,Las Palmas de Gran Canaria,few clouds,8.2,68,21
28/12/2018 16:10:16,Las Palmas de Gran Canaria,few clouds,8.2,68,21
28/12/2018 16:25:19,Las Palmas de Gran Canaria,few clouds,8.2,73,21
28/12/2018 16:40:21,Las Palmas de Gran Canaria,few clouds,8.2,73,21
28/12/2018 16:55:23,Las Palmas de Gran Canaria,few clouds,8.7,72,20
28/12/2018 17:10:26,Las Palmas de Gran Canaria,few clouds,8.7,72,20
28/12/2018 17:25:28,Las Palmas de Gran Canaria,few clouds,8.2,72,20
28/12/2018 17:40:31,Las Palmas de Gran Canaria,few clouds,8.2,72,20
28/12/2018 17:55:33,Las Palmas de Gran Canaria,few clouds,7.7,72,20
28/12/2018 18:10:35,Las Palmas de Gran Canaria,few clouds,7.7,72,20
28/12/2018 18:25:38,Las Palmas de Gran Canaria,few clouds,7.7,77,19
28/12/2018 18:40:40,Las Palmas de Gran Canaria,few clouds,7.7,77,19
28/12/2018 18:55:42,Las Palmas de Gran Canaria,few clouds,7.7,77,19
28/12/2018 19:10:45,Las Palmas de Gran Canaria,few clouds,7.7,77,19
28/12/2018 19:25:47,Las Palmas de Gran Canaria,few clouds,7.2,77,19
28/12/2018 19:40:50,Las Palmas de Gran Canaria,few clouds,7.2,77,19
28/12/2018 19:55:52,Las Palmas de Gran Canaria,few clouds,7.2,77,19
28/12/2018 20:10:54,Las Palmas de Gran Canaria,few clouds,7.2,77,19
28/12/2018 20:25:59,Las Palmas de Gran Canaria,few clouds,4.6,82,18
28/12/2018 20:41:01,Las Palmas de Gran Canaria,few clouds,4.6,82,18
28/12/2018 20:56:04,Las Palmas de Gran Canaria,scattered clouds,5.7,77,18
28/12/2018 21:11:06,Las Palmas de Gran Canaria,scattered clouds,5.7,77,18
28/12/2018 21:26:12,Las Palmas de Gran Canaria,scattered clouds,5.1,77,18
28/12/2018 21:41:15,Las Palmas de Gran Canaria,scattered clouds,5.1,77,18
28/12/2018 21:56:17,Las Palmas de Gran Canaria,scattered clouds,6.2,72,19
28/12/2018 22:11:21,Las Palmas de Gran Canaria,scattered clouds,6.2,72,19
28/12/2018 22:26:24,Las Palmas de Gran Canaria,scattered clouds,5.1,82,18
28/12/2018 22:41:27,Las Palmas de Gran Canaria,scattered clouds,5.1,82,18
28/12/2018 22:56:29,Las Palmas de Gran Canaria,scattered clouds,5.7,77,18
28/12/2018 23:11:31,Las Palmas de Gran Canaria,scattered clouds,5.7,77,18
28/12/2018 23:26:34,Las Palmas de Gran Canaria,scattered clouds,5.1,77,18
28/12/2018 23:41:36,Las Palmas de Gran Canaria,scattered clouds,5.1,77,18
28/12/2018 23:56:39,Las Palmas de Gran Canaria,scattered clouds,5.7,77,18
29/12/2018 00:13:56,Las Palmas de Gran Canaria,scattered clouds,5.7,77,18
29/12/2018 00:29:00,Las Palmas de Gran Canaria,broken clouds,6.2,77,18
29/12/2018 00:44:02,Las Palmas de Gran Canaria,broken clouds,6.2,77,18
29/12/2018 00:59:05,Las Palmas de Gran Canaria,broken clouds,5.7,72,18
29/12/2018 01:14:08,Las Palmas de Gran Canaria,broken clouds,5.7,72,18
29/12/2018 01:29:11,Las Palmas de Gran Canaria,broken clouds,6.2,77,17
29/12/2018 01:44:13,Las Palmas de Gran Canaria,broken clouds,6.2,77,17
29/12/2018 01:59:16,Las Palmas de Gran Canaria,broken clouds,6.2,72,17
29/12/2018 02:14:19,Las Palmas de Gran Canaria,broken clouds,6.2,72,17
29/12/2018 02:29:22,Las Palmas de Gran Canaria,broken clouds,6.2,72,17
29/12/2018 02:44:25,Las Palmas de Gran Canaria,broken clouds,6.2,72,17
29/12/2018 02:59:27,Las Palmas de Gran Canaria,broken clouds,6.2,72,17
29/12/2018 03:14:30,Las Palmas de Gran Canaria,broken clouds,6.2,72,17
29/12/2018 03:29:33,Las Palmas de Gran Canaria,broken clouds,5.7,72,17
29/12/2018 03:44:36,Las Palmas de Gran Canaria,broken clouds,5.7,72,17
29/12/2018 03:59:39,Las Palmas de Gran Canaria,broken clouds,6.2,67,17
29/12/2018 04:14:42,Las Palmas de Gran Canaria,broken clouds,6.2,67,17
29/12/2018 04:29:45,Las Palmas de Gran Canaria,broken clouds,6.2,72,17
29/12/2018 04:44:48,Las Palmas de Gran Canaria,broken clouds,6.2,72,17
29/12/2018 04:59:51,Las Palmas de Gran Canaria,broken clouds,7.2,63,18
29/12/2018 05:14:54,Las Palmas de Gran Canaria,broken clouds,7.2,63,18
29/12/2018 05:29:58,Las Palmas de Gran Canaria,scattered clouds,7.2,63,18
29/12/2018 05:45:00,Las Palmas de Gran Canaria,scattered clouds,7.2,63,18
29/12/2018 06:00:11,Las Palmas de Gran Canaria,scattered clouds,7.7,63,18
29/12/2018 06:15:13,Las Palmas de Gran Canaria,scattered clouds,7.7,63,18
29/12/2018 06:30:17,Las Palmas de Gran Canaria,scattered clouds,6.2,63,18
29/12/2018 06:45:19,Las Palmas de Gran Canaria,scattered clouds,6.2,63,18
29/12/2018 07:00:22,Las Palmas de Gran Canaria,scattered clouds,5.7,59,18
29/12/2018 07:15:25,Las Palmas de Gran Canaria,scattered clouds,5.7,59,18
29/12/2018 07:30:28,Las Palmas de Gran Canaria,scattered clouds,6.7,59,19
29/12/2018 07:45:30,Las Palmas de Gran Canaria,scattered clouds,6.7,59,19
29/12/2018 08:00:34,Las Palmas de Gran Canaria,broken clouds,6.2,63,19
29/12/2018 08:15:37,Las Palmas de Gran Canaria,broken clouds,6.2,63,19
29/12/2018 08:30:39,Las Palmas de Gran Canaria,broken clouds,6.7,63,19
29/12/2018 08:45:43,Las Palmas de Gran Canaria,broken clouds,6.7,63,19
29/12/2018 09:00:45,Las Palmas de Gran Canaria,broken clouds,6.7,63,19
29/12/2018 09:15:48,Las Palmas de Gran Canaria,few clouds,6.7,59,19
29/12/2018 09:30:50,Las Palmas de Gran Canaria,broken clouds,5.1,68,19
29/12/2018 09:45:53,Las Palmas de Gran Canaria,broken clouds,5.1,68,19
29/12/2018 10:00:57,Las Palmas de Gran Canaria,few clouds,9.3,60,20
29/12/2018 10:16:00,Las Palmas de Gran Canaria,few clouds,9.3,60,20
29/12/2018 10:31:03,Las Palmas de Gran Canaria,few clouds,9.3,56,20
29/12/2018 10:46:06,Las Palmas de Gran Canaria,few clouds,9.3,56,20
29/12/2018 11:01:09,Las Palmas de Gran Canaria,few clouds,9.3,52,21
29/12/2018 11:16:11,Las Palmas de Gran Canaria,few clouds,9.3,52,21
29/12/2018 11:31:14,Las Palmas de Gran Canaria,few clouds,7.7,52,21
29/12/2018 11:46:17,Las Palmas de Gran Canaria,few clouds,7.7,52,21
29/12/2018 12:01:20,Las Palmas de Gran Canaria,scattered clouds,8.7,52,21
29/12/2018 12:16:23,Las Palmas de Gran Canaria,scattered clouds,8.7,52,21
29/12/2018 12:31:25,Las Palmas de Gran Canaria,scattered clouds,8.2,60,21
29/12/2018 12:46:28,Las Palmas de Gran Canaria,scattered clouds,8.2,60,21
29/12/2018 13:01:30,Las Palmas de Gran Canaria,few clouds,9.3,52,21
29/12/2018 13:16:33,Las Palmas de Gran Canaria,few clouds,9.3,52,21
29/12/2018 13:31:36,Las Palmas de Gran Canaria,few clouds,9.8,49,22
29/12/2018 13:46:39,Las Palmas de Gran Canaria,few clouds,9.8,49,22
29/12/2018 14:01:42,Las Palmas de Gran Canaria,few clouds,8.7,56,21
29/12/2018 14:16:45,Las Palmas de Gran Canaria,few clouds,8.7,56,21
29/12/2018 14:31:48,Las Palmas de Gran Canaria,few clouds,7.7,60,21
29/12/2018 14:46:51,Las Palmas de Gran Canaria,few clouds,7.7,60,21
29/12/2018 14:54:32,Las Palmas de Gran Canaria,few clouds,7.7,60,21
29/12/2018 15:11:47,Las Palmas de Gran Canaria,few clouds,8.2,56,21
29/12/2018 15:26:49,Las Palmas de Gran Canaria,few clouds,8.2,60,21
29/12/2018 15:41:52,Las Palmas de Gran Canaria,few clouds,8.2,60,21
29/12/2018 15:56:56,Las Palmas de Gran Canaria,scattered clouds,7.2,64,20
29/12/2018 16:11:59,Las Palmas de Gran Canaria,scattered clouds,7.2,64,20
29/12/2018 16:27:01,Las Palmas de Gran Canaria,scattered clouds,6.7,64,20
29/12/2018 16:42:07,Las Palmas de Gran Canaria,scattered clouds,6.7,64,20
29/12/2018 16:57:09,Las Palmas de Gran Canaria,broken clouds,7.2,64,20
29/12/2018 17:12:12,Las Palmas de Gran Canaria,broken clouds,7.2,64,20
29/12/2018 17:27:15,Las Palmas de Gran Canaria,broken clouds,7.2,64,20
29/12/2018 17:42:17,Las Palmas de Gran Canaria,broken clouds,6.7,60,20
29/12/2018 17:57:20,Las Palmas de Gran Canaria,broken clouds,6.7,60,20
29/12/2018 18:12:23,Las Palmas de Gran Canaria,broken clouds,6.7,60,20
29/12/2018 18:27:25,Las Palmas de Gran Canaria,broken clouds,6.2,68,19
29/12/2018 18:42:28,Las Palmas de Gran Canaria,broken clouds,6.2,68,19
29/12/2018 18:57:30,Las Palmas de Gran Canaria,broken clouds,6.2,68,19
29/12/2018 19:12:33,Las Palmas de Gran Canaria,broken clouds,6.2,68,19
29/12/2018 19:27:36,Las Palmas de Gran Canaria,broken clouds,6.7,63,19
29/12/2018 19:42:39,Las Palmas de Gran Canaria,broken clouds,6.7,63,19
29/12/2018 19:57:45,Las Palmas de Gran Canaria,broken clouds,5.7,63,19
29/12/2018 20:12:48,Las Palmas de Gran Canaria,broken clouds,5.7,63,19
29/12/2018 20:27:51,Las Palmas de Gran Canaria,broken clouds,4.6,63,19
29/12/2018 20:42:54,Las Palmas de Gran Canaria,broken clouds,4.6,63,19
29/12/2018 20:57:57,Las Palmas de Gran Canaria,scattered clouds,4.1,52,19
29/12/2018 21:13:00,Las Palmas de Gran Canaria,scattered clouds,4.1,52,19
29/12/2018 21:28:03,Las Palmas de Gran Canaria,scattered clouds,3.6,68,18
29/12/2018 21:43:06,Las Palmas de Gran Canaria,scattered clouds,3.6,68,18
29/12/2018 21:58:09,Las Palmas de Gran Canaria,broken clouds,4.1,59,19
29/12/2018 22:13:12,Las Palmas de Gran Canaria,broken clouds,4.1,59,19
29/12/2018 22:28:15,Las Palmas de Gran Canaria,broken clouds,5.1,55,19
29/12/2018 22:43:18,Las Palmas de Gran Canaria,broken clouds,5.1,55,19
29/12/2018 22:58:20,Las Palmas de Gran Canaria,broken clouds,4.6,52,19
29/12/2018 23:13:23,Las Palmas de Gran Canaria,broken clouds,4.6,52,19
29/12/2018 23:28:26,Las Palmas de Gran Canaria,broken clouds,4.1,52,19
29/12/2018 23:43:29,Las Palmas de Gran Canaria,broken clouds,4.1,52,19
29/12/2018 23:58:31,Las Palmas de Gran Canaria,broken clouds,3.6,52,19
30/12/2018 00:13:34,Las Palmas de Gran Canaria,broken clouds,3.6,52,19
30/12/2018 00:28:37,Las Palmas de Gran Canaria,light rain,4.1,72,19
30/12/2018 00:43:40,Las Palmas de Gran Canaria,light rain,4.1,72,19
30/12/2018 00:58:43,Las Palmas de Gran Canaria,light rain,3.1,82,18
30/12/2018 01:13:46,Las Palmas de Gran Canaria,light rain,3.1,82,18
30/12/2018 01:28:49,Las Palmas de Gran Canaria,broken clouds,4.1,77,17
30/12/2018 01:43:52,Las Palmas de Gran Canaria,broken clouds,4.1,77,17
30/12/2018 01:58:55,Las Palmas de Gran Canaria,broken clouds,3.6,72,18
30/12/2018 02:13:58,Las Palmas de Gran Canaria,broken clouds,3.6,72,18
30/12/2018 02:29:01,Las Palmas de Gran Canaria,broken clouds,3.6,72,17
30/12/2018 02:44:04,Las Palmas de Gran Canaria,broken clouds,3.6,72,17
30/12/2018 02:59:06,Las Palmas de Gran Canaria,broken clouds,3.6,68,18
30/12/2018 03:14:14,Las Palmas de Gran Canaria,broken clouds,3.6,68,18
30/12/2018 03:29:17,Las Palmas de Gran Canaria,scattered clouds,3.6,72,17
30/12/2018 03:44:20,Las Palmas de Gran Canaria,scattered clouds,3.6,72,17
30/12/2018 03:59:23,Las Palmas de Gran Canaria,scattered clouds,3.1,72,16
30/12/2018 04:14:26,Las Palmas de Gran Canaria,scattered clouds,3.1,72,16
30/12/2018 04:29:29,Las Palmas de Gran Canaria,broken clouds,3.1,72,16
30/12/2018 04:44:31,Las Palmas de Gran Canaria,broken clouds,3.1,72,16
30/12/2018 04:59:34,Las Palmas de Gran Canaria,broken clouds,3.1,67,17
30/12/2018 05:14:37,Las Palmas de Gran Canaria,broken clouds,3.1,67,17
30/12/2018 05:29:40,Las Palmas de Gran Canaria,broken clouds,3.6,63,18
30/12/2018 05:44:42,Las Palmas de Gran Canaria,broken clouds,3.6,63,18
30/12/2018 05:59:45,Las Palmas de Gran Canaria,broken clouds,3.6,72,17
30/12/2018 06:14:48,Las Palmas de Gran Canaria,broken clouds,3.6,72,17
30/12/2018 06:29:51,Las Palmas de Gran Canaria,broken clouds,3.6,72,17
30/12/2018 06:44:54,Las Palmas de Gran Canaria,broken clouds,3.6,72,17
30/12/2018 06:59:57,Las Palmas de Gran Canaria,broken clouds,2.1,72,17
30/12/2018 07:15:00,Las Palmas de Gran Canaria,broken clouds,2.1,72,17
30/12/2018 07:30:03,Las Palmas de Gran Canaria,broken clouds,2.1,72,17
30/12/2018 07:45:10,Las Palmas de Gran Canaria,broken clouds,2.1,72,17
30/12/2018 08:00:12,Las Palmas de Gran Canaria,broken clouds,2.1,72,17
30/12/2018 08:15:15,Las Palmas de Gran Canaria,broken clouds,2.1,72,17
30/12/2018 08:30:18,Las Palmas de Gran Canaria,broken clouds,2.1,68,18
30/12/2018 08:45:21,Las Palmas de Gran Canaria,broken clouds,2.1,68,18
30/12/2018 09:00:24,Las Palmas de Gran Canaria,broken clouds,2.1,72,18
30/12/2018 09:15:26,Las Palmas de Gran Canaria,broken clouds,2.1,72,18
30/12/2018 09:30:49,Las Palmas de Gran Canaria,broken clouds,3.1,72,18
30/12/2018 09:45:52,Las Palmas de Gran Canaria,broken clouds,3.1,72,18
30/12/2018 10:00:57,Las Palmas de Gran Canaria,broken clouds,2.6,72,19
30/12/2018 10:15:59,Las Palmas de Gran Canaria,broken clouds,2.6,72,19
30/12/2018 10:31:02,Las Palmas de Gran Canaria,broken clouds,3.6,72,19
30/12/2018 10:46:05,Las Palmas de Gran Canaria,broken clouds,3.6,72,19
30/12/2018 11:01:08,Las Palmas de Gran Canaria,broken clouds,2.1,68,19
30/12/2018 11:16:11,Las Palmas de Gran Canaria,broken clouds,2.1,68,19
30/12/2018 11:31:14,Las Palmas de Gran Canaria,broken clouds,1.5,68,19
30/12/2018 11:46:17,Las Palmas de Gran Canaria,broken clouds,1.5,68,19
30/12/2018 12:01:19,Las Palmas de Gran Canaria,overcast clouds,1.5,60,20
30/12/2018 12:16:23,Las Palmas de Gran Canaria,overcast clouds,1.5,60,20
30/12/2018 12:31:25,Las Palmas de Gran Canaria,overcast clouds,1.5,64,20
30/12/2018 12:46:30,Las Palmas de Gran Canaria,overcast clouds,1.5,64,20
30/12/2018 13:01:33,Las Palmas de Gran Canaria,overcast clouds,1.5,64,20
30/12/2018 13:16:37,Las Palmas de Gran Canaria,overcast clouds,1.5,64,20
30/12/2018 13:31:40,Las Palmas de Gran Canaria,broken clouds,2.6,64,20
30/12/2018 13:46:43,Las Palmas de Gran Canaria,broken clouds,2.6,64,20
30/12/2018 14:01:47,Las Palmas de Gran Canaria,broken clouds,3.1,60,20
30/12/2018 14:16:49,Las Palmas de Gran Canaria,broken clouds,3.1,60,20
30/12/2018 14:31:52,Las Palmas de Gran Canaria,broken clouds,2.6,56,20
30/12/2018 14:46:56,Las Palmas de Gran Canaria,broken clouds,2.6,56,20
30/12/2018 15:01:59,Las Palmas de Gran Canaria,broken clouds,2.1,60,20
30/12/2018 15:17:02,Las Palmas de Gran Canaria,broken clouds,2.1,60,20
30/12/2018 15:32:05,Las Palmas de Gran Canaria,broken clouds,2.1,64,20
30/12/2018 15:47:08,Las Palmas de Gran Canaria,broken clouds,2.1,64,20
30/12/2018 16:02:11,Las Palmas de Gran Canaria,broken clouds,2.1,64,20
30/12/2018 16:17:14,Las Palmas de Gran Canaria,broken clouds,2.1,64,20
30/12/2018 16:32:17,Las Palmas de Gran Canaria,broken clouds,2.1,64,20
30/12/2018 16:47:19,Las Palmas de Gran Canaria,broken clouds,2.1,64,20
30/12/2018 17:02:22,Las Palmas de Gran Canaria,broken clouds,2.6,64,20
30/12/2018 17:17:25,Las Palmas de Gran Canaria,broken clouds,2.1,64,20
30/12/2018 17:32:28,Las Palmas de Gran Canaria,broken clouds,2.1,64,20
30/12/2018 17:47:31,Las Palmas de Gran Canaria,broken clouds,2.1,64,20
30/12/2018 18:02:34,Las Palmas de Gran Canaria,broken clouds,2.1,64,20
30/12/2018 18:17:37,Las Palmas de Gran Canaria,broken clouds,2.1,64,20
30/12/2018 18:32:40,Las Palmas de Gran Canaria,broken clouds,2.6,68,19
30/12/2018 18:47:43,Las Palmas de Gran Canaria,broken clouds,2.6,68,19
30/12/2018 19:02:46,Las Palmas de Gran Canaria,broken clouds,2.1,68,19
30/12/2018 19:17:49,Las Palmas de Gran Canaria,broken clouds,2.1,68,19
30/12/2018 20:24:12,Las Palmas de Gran Canaria,few clouds,1.5,72,18
30/12/2018 20:33:42,Las Palmas de Gran Canaria,few clouds,2.6,67,17
30/12/2018 20:48:49,Las Palmas de Gran Canaria,few clouds,2.6,67,17
30/12/2018 21:03:52,Las Palmas de Gran Canaria,clear sky,0.5,59,18
30/12/2018 21:18:54,Las Palmas de Gran Canaria,clear sky,0.5,59,18
30/12/2018 21:33:57,Las Palmas de Gran Canaria,clear sky,1,39,18
30/12/2018 21:49:00,Las Palmas de Gran Canaria,clear sky,1,39,18
30/12/2018 22:04:02,Las Palmas de Gran Canaria,clear sky,1.5,36,17
30/12/2018 22:19:05,Las Palmas de Gran Canaria,clear sky,1.5,36,17
30/12/2018 22:34:09,Las Palmas de Gran Canaria,clear sky,2.6,100,16
30/12/2018 22:49:12,Las Palmas de Gran Canaria,clear sky,2.6,100,16
30/12/2018 23:04:14,Las Palmas de Gran Canaria,clear sky,3.1,100,18
30/12/2018 23:19:17,Las Palmas de Gran Canaria,clear sky,3.1,100,18
30/12/2018 23:34:19,Las Palmas de Gran Canaria,clear sky,3.1,100,18
30/12/2018 23:49:22,Las Palmas de Gran Canaria,clear sky,3.1,27,18
31/12/2018 00:04:24,Las Palmas de Gran Canaria,clear sky,3.1,27,18
31/12/2018 00:19:27,Las Palmas de Gran Canaria,clear sky,3.1,27,18
31/12/2018 00:34:30,Las Palmas de Gran Canaria,clear sky,2.6,29,19
31/12/2018 00:49:33,Las Palmas de Gran Canaria,clear sky,2.6,29,19
31/12/2018 01:04:35,Las Palmas de Gran Canaria,clear sky,2.6,31,18
31/12/2018 01:19:38,Las Palmas de Gran Canaria,clear sky,2.1,34,18
31/12/2018 01:34:41,Las Palmas de Gran Canaria,clear sky,2.1,34,18
31/12/2018 01:49:43,Las Palmas de Gran Canaria,clear sky,2.1,34,18
31/12/2018 02:04:46,Las Palmas de Gran Canaria,clear sky,2.1,42,17
31/12/2018 02:19:48,Las Palmas de Gran Canaria,clear sky,2.1,42,17
31/12/2018 02:34:51,Las Palmas de Gran Canaria,clear sky,2.6,51,17
31/12/2018 02:49:54,Las Palmas de Gran Canaria,clear sky,2.1,55,17
31/12/2018 03:04:56,Las Palmas de Gran Canaria,clear sky,2.1,55,17
31/12/2018 03:19:59,Las Palmas de Gran Canaria,clear sky,2.1,55,17
31/12/2018 03:35:01,Las Palmas de Gran Canaria,clear sky,3.1,55,18
31/12/2018 03:50:04,Las Palmas de Gran Canaria,clear sky,3.1,55,18
31/12/2018 04:05:07,Las Palmas de Gran Canaria,clear sky,2.1,59,17
31/12/2018 04:20:10,Las Palmas de Gran Canaria,clear sky,2.1,59,17
31/12/2018 04:35:13,Las Palmas de Gran Canaria,clear sky,2.1,63,17
31/12/2018 04:50:16,Las Palmas de Gran Canaria,clear sky,3.1,63,17
31/12/2018 05:05:19,Las Palmas de Gran Canaria,clear sky,3.1,63,17
31/12/2018 05:20:21,Las Palmas de Gran Canaria,clear sky,3.1,72,16
31/12/2018 05:35:24,Las Palmas de Gran Canaria,clear sky,3.1,72,16
31/12/2018 05:50:27,Las Palmas de Gran Canaria,clear sky,2.6,67,16
31/12/2018 06:05:29,Las Palmas de Gran Canaria,clear sky,2.6,67,16
31/12/2018 06:20:32,Las Palmas de Gran Canaria,clear sky,2.6,67,16
31/12/2018 06:35:35,Las Palmas de Gran Canaria,clear sky,3.1,72,16
31/12/2018 06:50:38,Las Palmas de Gran Canaria,clear sky,3.1,72,16
31/12/2018 07:05:41,Las Palmas de Gran Canaria,clear sky,2.6,72,16
31/12/2018 07:20:43,Las Palmas de Gran Canaria,clear sky,2.6,72,16
31/12/2018 07:35:46,Las Palmas de Gran Canaria,clear sky,2.6,72,16
31/12/2018 07:50:49,Las Palmas de Gran Canaria,clear sky,2.6,72,16
31/12/2018 08:05:52,Las Palmas de Gran Canaria,few clouds,2.1,72,16
31/12/2018 08:20:54,Las Palmas de Gran Canaria,few clouds,2.1,72,16
31/12/2018 08:35:57,Las Palmas de Gran Canaria,clear sky,1.5,72,16
31/12/2018 08:51:00,Las Palmas de Gran Canaria,clear sky,1.5,72,16
31/12/2018 09:06:03,Las Palmas de Gran Canaria,clear sky,3.1,72,16
31/12/2018 09:21:05,Las Palmas de Gran Canaria,clear sky,2.1,68,18
31/12/2018 09:36:09,Las Palmas de Gran Canaria,clear sky,2.1,68,18
31/12/2018 09:52:06,Las Palmas de Gran Canaria,few clouds,1.5,68,19
31/12/2018 10:07:09,Las Palmas de Gran Canaria,few clouds,1.5,68,19
31/12/2018 10:22:11,Las Palmas de Gran Canaria,few clouds,1,64,20
31/12/2018 10:37:14,Las Palmas de Gran Canaria,few clouds,1,64,20
31/12/2018 10:52:17,Las Palmas de Gran Canaria,clear sky,1.5,60,20
31/12/2018 11:07:22,Las Palmas de Gran Canaria,clear sky,1.5,60,20
31/12/2018 11:22:25,Las Palmas de Gran Canaria,clear sky,1.5,64,20
31/12/2018 11:37:27,Las Palmas de Gran Canaria,clear sky,1.5,64,20
31/12/2018 11:52:30,Las Palmas de Gran Canaria,clear sky,1.5,64,20
31/12/2018 12:07:32,Las Palmas de Gran Canaria,clear sky,2.1,60,20
31/12/2018 12:22:35,Las Palmas de Gran Canaria,clear sky,2.1,60,21
31/12/2018 12:37:38,Las Palmas de Gran Canaria,clear sky,2.1,60,21
31/12/2018 12:52:41,Las Palmas de Gran Canaria,clear sky,3.1,60,21
31/12/2018 13:07:44,Las Palmas de Gran Canaria,clear sky,3.1,60,21
31/12/2018 13:22:46,Las Palmas de Gran Canaria,clear sky,4.6,60,21
31/12/2018 13:26:28,Las Palmas de Gran Canaria,clear sky,4.6,60,21
31/12/2018 13:41:30,Las Palmas de Gran Canaria,clear sky,4.6,60,21
31/12/2018 13:56:33,Las Palmas de Gran Canaria,clear sky,6.2,52,21
31/12/2018 14:11:36,Las Palmas de Gran Canaria,clear sky,6.2,52,21
31/12/2018 14:26:38,Las Palmas de Gran Canaria,clear sky,6.2,56,21
31/12/2018 14:41:40,Las Palmas de Gran Canaria,clear sky,6.2,56,21
31/12/2018 14:56:42,Las Palmas de Gran Canaria,clear sky,6.7,52,21
31/12/2018 15:11:45,Las Palmas de Gran Canaria,clear sky,6.7,52,21
31/12/2018 15:26:48,Las Palmas de Gran Canaria,clear sky,5.7,52,21
31/12/2018 15:41:50,Las Palmas de Gran Canaria,clear sky,5.7,52,21
31/12/2018 15:56:53,Las Palmas de Gran Canaria,clear sky,5.7,49,21
31/12/2018 16:11:56,Las Palmas de Gran Canaria,clear sky,5.7,49,21
31/12/2018 16:26:58,Las Palmas de Gran Canaria,clear sky,4.6,52,20
31/12/2018 16:42:01,Las Palmas de Gran Canaria,clear sky,4.6,52,20
31/12/2018 16:57:04,Las Palmas de Gran Canaria,clear sky,4.1,56,20
31/12/2018 17:12:12,Las Palmas de Gran Canaria,clear sky,4.1,56,20
31/12/2018 17:27:15,Las Palmas de Gran Canaria,clear sky,3.6,52,20
31/12/2018 17:42:21,Las Palmas de Gran Canaria,clear sky,3.6,52,20
31/12/2018 17:57:24,Las Palmas de Gran Canaria,clear sky,2.6,52,20
31/12/2018 18:12:27,Las Palmas de Gran Canaria,clear sky,2.6,52,20
31/12/2018 18:27:29,Las Palmas de Gran Canaria,clear sky,3.1,52,20
31/12/2018 18:42:32,Las Palmas de Gran Canaria,clear sky,3.1,52,20
31/12/2018 18:57:34,Las Palmas de Gran Canaria,clear sky,2.1,59,18
31/12/2018 19:12:37,Las Palmas de Gran Canaria,clear sky,2.1,59,18
31/12/2018 19:27:40,Las Palmas de Gran Canaria,clear sky,1.5,55,19
31/12/2018 19:42:42,Las Palmas de Gran Canaria,clear sky,1.5,55,19
31/12/2018 19:57:46,Las Palmas de Gran Canaria,clear sky,2.6,59,18
31/12/2018 20:12:48,Las Palmas de Gran Canaria,clear sky,2.6,59,18
31/12/2018 20:28:01,Las Palmas de Gran Canaria,clear sky,2.1,59,17
31/12/2018 20:43:04,Las Palmas de Gran Canaria,clear sky,2.1,59,17
31/12/2018 20:58:14,Las Palmas de Gran Canaria,clear sky,2.1,55,18
31/12/2018 21:13:17,Las Palmas de Gran Canaria,clear sky,2.1,55,18
31/12/2018 21:28:20,Las Palmas de Gran Canaria,clear sky,2.1,55,17
31/12/2018 21:43:23,Las Palmas de Gran Canaria,clear sky,2.1,55,17
31/12/2018 21:58:25,Las Palmas de Gran Canaria,clear sky,3.1,39,17
31/12/2018 22:13:28,Las Palmas de Gran Canaria,clear sky,3.1,39,17
31/12/2018 22:28:31,Las Palmas de Gran Canaria,clear sky,2.1,33,17
31/12/2018 22:43:34,Las Palmas de Gran Canaria,clear sky,2.1,33,17
31/12/2018 22:58:37,Las Palmas de Gran Canaria,clear sky,1.5,36,16
31/12/2018 23:13:40,Las Palmas de Gran Canaria,clear sky,1.5,36,16
31/12/2018 23:28:42,Las Palmas de Gran Canaria,clear sky,1.5,100,16
31/12/2018 23:43:45,Las Palmas de Gran Canaria,clear sky,1.5,100,16
31/12/2018 23:58:48,Las Palmas de Gran Canaria,clear sky,1.5,33,15
